Division,District,Upazila,Postal Code
Dhaka,Dhaka,Dhaka,1206
Dhaka,Dhaka,Dhamrai,1350
Dhaka,Dhaka,Dhanmondi,1209
Dhaka,Dhaka,Gulshan,1213
Dhaka,Dhaka,Gulshan,1214
Dhaka,Dhaka,Gulshan,1212
Dhaka,Dhaka,Jatrabari,1236
Dhaka,Dhaka,Joypara,1331
Dhaka,Dhaka,Joypara,1332
Dhaka,Dhaka,Joypara,1331
Dhaka,Dhaka,Keraniganj,1312
Dhaka,Dhaka,Keraniganj,1311
Dhaka,Dhaka,Keraniganj,1313
Dhaka,Dhaka,Keraniganj,1310
Dhaka,Dhaka,Khilgaon,1219
Dhaka,Dhaka,Khilkhet,1229
Dhaka,Dhaka,Lalbag,1211
Dhaka,Dhaka,Mirpur,1216
Dhaka,Dhaka,Mohammadpur,1207
Dhaka,Dhaka,Mohammadpur,1225
Dhaka,Dhaka,Motijheel,1222
Dhaka,Dhaka,Motijheel,1223
Dhaka,Dhaka,Nawabganj,1323
Dhaka,Dhaka,Nawabganj,1325
Dhaka,Dhaka,Nawabganj,1322
Dhaka,Dhaka,Nawabganj,1321
Dhaka,Dhaka,Nawabganj,1324
Dhaka,Dhaka,Nawabganj,1320
Dhaka,Dhaka,New market,1205
Dhaka,Dhaka,Palton,1000
Dhaka,Dhaka,Ramna,1217
Dhaka,Dhaka,Sabujbag,1214
Dhaka,Dhaka,Savar,1348
Dhaka,Dhaka,Savar,1341
Dhaka,Dhaka,Savar,1349
Dhaka,Dhaka,Savar,1342
Dhaka,Dhaka,Savar,1346
Dhaka,Dhaka,Savar,1347
Dhaka,Dhaka,Savar,1340
Dhaka,Dhaka,Savar,1344
Dhaka,Dhaka,Savar,1343
Dhaka,Dhaka,Savar,1345
Dhaka,Dhaka,Sutrapur,1100
Dhaka,Dhaka,Sutrapur,1204
Dhaka,Dhaka,Sutrapur,1203
Dhaka,Dhaka,Tejgaon,1215
Dhaka,Dhaka,Tejgaon Industrial Area,1208
Dhaka,Dhaka,Uttara,1230
Dhaka,Faridpur,Alfadanga,7870
Dhaka,Faridpur,Bhanga,7830
Dhaka,Faridpur,Boalmari,7860
Dhaka,Faridpur,Boalmari,7861
Dhaka,Faridpur,Charbhadrasan,7810
Dhaka,Faridpur,Faridpur Sadar,7802
Dhaka,Faridpur,Faridpur Sadar,7803
Dhaka,Faridpur,Faridpur Sadar,7800
Dhaka,Faridpur,Faridpur Sadar,7801
Dhaka,Faridpur,Madukhali,7851
Dhaka,Faridpur,Madukhali,7850
Dhaka,Faridpur,Nagarkanda,7840
Dhaka,Faridpur,Nagarkanda,7841
Dhaka,Faridpur,Sadarpur,7822
Dhaka,Faridpur,Sadarpur,7821
Dhaka,Faridpur,Sadarpur,7820
Dhaka,Faridpur,Shriangan,7804
Dhaka,Gazipur,Gazipur Sadar,1703
Dhaka,Gazipur,Gazipur Sadar,1701
Dhaka,Gazipur,Gazipur Sadar,1702
Dhaka,Gazipur,Gazipur Sadar,1700
Dhaka,Gazipur,Gazipur Sadar,1704
Dhaka,Gazipur,Kaliakaar,1750
Dhaka,Gazipur,Kaliakaar,1751
Dhaka,Gazipur,Kaliganj,1720
Dhaka,Gazipur,Kaliganj,1721
Dhaka,Gazipur,Kaliganj,1722
Dhaka,Gazipur,Kaliganj,1723
Dhaka,Gazipur,Kapashia,1730
Dhaka,Gazipur,Monnunagar,1712
Dhaka,Gazipur,Monnunagar,1710
Dhaka,Gazipur,Monnunagar,1711
Dhaka,Gazipur,Sreepur,1743
Dhaka,Gazipur,Sreepur,1747
Dhaka,Gazipur,Sreepur,1748
Dhaka,Gazipur,Sreepur,1745
Dhaka,Gazipur,Sreepur,1744
Dhaka,Gazipur,Sreepur,1740
Dhaka,Gazipur,Sripur,1740
Dhaka,Gazipur,Sripur,1740
Dhaka,Gazipur,Sripur,1741
Dhaka,Gazipur,Sripur,1742
Dhaka,Gopalganj,Gopalganj Sadar,8102
Dhaka,Gopalganj,Gopalganj Sadar,8013
Dhaka,Gopalganj,Gopalganj Sadar,8100
Dhaka,Gopalganj,Gopalganj Sadar,8101
Dhaka,Gopalganj,Kashiani,8133
Dhaka,Gopalganj,Kashiani,8130
Dhaka,Gopalganj,Kashiani,8131
Dhaka,Gopalganj,Kashiani,8132
Dhaka,Gopalganj,Kotalipara,8110
Dhaka,Gopalganj,Maksudpur,8141
Dhaka,Gopalganj,Maksudpur,8142
Dhaka,Gopalganj,Maksudpur,8140
Dhaka,Gopalganj,Tungipara,8121
Dhaka,Gopalganj,Tungipara,8120
Dhaka,Kishoreganj,Bajitpur,2336
Dhaka,Kishoreganj,Bajitpur,2338
Dhaka,Kishoreganj,Bajitpur,2337
Dhaka,Kishoreganj,Bhairob,2350
Dhaka,Kishoreganj,Hossenpur,2320
Dhaka,Kishoreganj,Itna,2390
Dhaka,Kishoreganj,Karimganj,2310
Dhaka,Kishoreganj,Katiadi,2331
Dhaka,Kishoreganj,Katiadi,2330
Dhaka,Kishoreganj,Kishoreganj Sadar,2301
Dhaka,Kishoreganj,Kishoreganj Sadar,2300
Dhaka,Kishoreganj,Kishoreganj Sadar,2302
Dhaka,Kishoreganj,Kishoreganj Sadar,2303
Dhaka,Kishoreganj,Kuliarchar,2341
Dhaka,Kishoreganj,Kuliarchar,2340
Dhaka,Kishoreganj,Mithamoin,2371
Dhaka,Kishoreganj,Mithamoin,2370
Dhaka,Kishoreganj,Nikli,2360
Dhaka,Kishoreganj,Ostagram,2380
Dhaka,Kishoreganj,Pakundia,2326
Dhaka,Kishoreganj,Tarial,2316
Dhaka,Madaripur,Barhamganj,7932
Dhaka,Madaripur,Barhamganj,7930
Dhaka,Madaripur,Barhamganj,7931
Dhaka,Madaripur,Barhamganj,7933
Dhaka,Madaripur,kalkini,7920
Dhaka,Madaripur,kalkini,7921
Dhaka,Madaripur,Madaripur Sadar,7901
Dhaka,Madaripur,Madaripur Sadar,7903
Dhaka,Madaripur,Madaripur Sadar,7902
Dhaka,Madaripur,Madaripur Sadar,7900
Dhaka,Madaripur,Madaripur Sadar,7904
Dhaka,Madaripur,Rajoir,7911
Dhaka,Madaripur,Rajoir,7910
Dhaka,Manikganj,Doulatpur,1860
Dhaka,Manikganj,Gheor,1840
Dhaka,Manikganj,Lechhraganj,1831
Dhaka,Manikganj,Lechhraganj,1830
Dhaka,Manikganj,Manikganj Sadar,1804
Dhaka,Manikganj,Manikganj Sadar,1802
Dhaka,Manikganj,Manikganj Sadar,1803
Dhaka,Manikganj,Manikganj Sadar,1801
Dhaka,Manikganj,Manikganj Sadar,1800
Dhaka,Manikganj,Saturia,1811
Dhaka,Manikganj,Saturia,1810
Dhaka,Manikganj,Shibloya,1851
Dhaka,Manikganj,Shibloya,1850
Dhaka,Manikganj,Shibloya,1852
Dhaka,Manikganj,Shibloya,1853
Dhaka,Manikganj,Singari,1821
Dhaka,Manikganj,Singari,1822
Dhaka,Manikganj,Singari,1820
Dhaka,Munshiganj,Gajaria,1510
Dhaka,Munshiganj,Gajaria,1511
Dhaka,Munshiganj,Gajaria,1512
Dhaka,Munshiganj,Lohajong,1334
Dhaka,Munshiganj,Lohajong,1534
Dhaka,Munshiganj,Lohajong,1532
Dhaka,Munshiganj,Lohajong,1333
Dhaka,Munshiganj,Lohajong,1533
Dhaka,Munshiganj,Lohajong,1531
Dhaka,Munshiganj,Lohajong,1530
Dhaka,Munshiganj,Lohajong,1335
Dhaka,Munshiganj,Lohajong,1535
Dhaka,Munshiganj,Munshiganj Sadar,1503
Dhaka,Munshiganj,Munshiganj Sadar,1502
Dhaka,Munshiganj,Munshiganj Sadar,1500
Dhaka,Munshiganj,Munshiganj Sadar,1501
Dhaka,Munshiganj,Sirajdikhan,1542
Dhaka,Munshiganj,Sirajdikhan,1541
Dhaka,Munshiganj,Sirajdikhan,1543
Dhaka,Munshiganj,Sirajdikhan,1544
Dhaka,Munshiganj,Sirajdikhan,1540
Dhaka,Munshiganj,Sreenagar,1557
Dhaka,Munshiganj,Sreenagar,1551
Dhaka,Munshiganj,Sreenagar,1558
Dhaka,Munshiganj,Sreenagar,1553
Dhaka,Munshiganj,Sreenagar,1554
Dhaka,Munshiganj,Sreenagar,1555
Dhaka,Munshiganj,Sreenagar,1552
Dhaka,Munshiganj,Sreenagar,1550
Dhaka,Munshiganj,Sreenagar,1556
Dhaka,Munshiganj,Tangibari,1523
Dhaka,Munshiganj,Tangibari,1522
Dhaka,Munshiganj,Tangibari,1521
Dhaka,Munshiganj,Tangibari,1525
Dhaka,Munshiganj,Tangibari,1524
Dhaka,Munshiganj,Tangibari,1527
Dhaka,Munshiganj,Tangibari,1526
Dhaka,Munshiganj,Tangibari,1520
Dhaka,Narayanganj,Araihazar,1450
Dhaka,Narayanganj,Araihazar,1451
Dhaka,Narayanganj,Baidder Bazar,1440
Dhaka,Narayanganj,Baidder Bazar,1441
Dhaka,Narayanganj,Baidder Bazar,1442
Dhaka,Narayanganj,Bandar,1410
Dhaka,Narayanganj,Bandar,1413
Dhaka,Narayanganj,Bandar,1411
Dhaka,Narayanganj,Bandar,1414
Dhaka,Narayanganj,Bandar,1412
Dhaka,Narayanganj,Fatullah,1421
Dhaka,Narayanganj,Fatullah,1420
Dhaka,Narayanganj,Narayanganj Sadar,1400
Dhaka,Narayanganj,Rupganj,1462
Dhaka,Narayanganj,Rupganj,1461
Dhaka,Narayanganj,Rupganj,1464
Dhaka,Narayanganj,Rupganj,1463
Dhaka,Narayanganj,Rupganj,1460
Dhaka,Narayanganj,Siddirganj,1431
Dhaka,Narayanganj,Siddirganj,1432
Dhaka,Narayanganj,Siddirganj,1430
Dhaka,Narsingdi,Belabo,1640
Dhaka,Narsingdi,Monohordi,1651
Dhaka,Narsingdi,Monohordi,1652
Dhaka,Narsingdi,Monohordi,1650
Dhaka,Narsingdi,Narsingdi Sadar,1605
Dhaka,Narsingdi,Narsingdi Sadar,1604
Dhaka,Narsingdi,Narsingdi Sadar,1602
Dhaka,Narsingdi,Narsingdi Sadar,1600
Dhaka,Narsingdi,Narsingdi Sadar,1603
Dhaka,Narsingdi,Narsingdi Sadar,1601
Dhaka,Narsingdi,Palash,1612
Dhaka,Narsingdi,Palash,1613
Dhaka,Narsingdi,Palash,1611
Dhaka,Narsingdi,Palash,1610
Dhaka,Narsingdi,Raypura,1631
Dhaka,Narsingdi,Raypura,1632
Dhaka,Narsingdi,Raypura,1630
Dhaka,Narsingdi,Shibpur,1620
Dhaka,Rajbari,Baliakandi,7730
Dhaka,Rajbari,Baliakandi,7731
Dhaka,Rajbari,Pangsha,7723
Dhaka,Rajbari,Pangsha,7720
Dhaka,Rajbari,Pangsha,7721
Dhaka,Rajbari,Pangsha,7722
Dhaka,Rajbari,Rajbari Sadar,7710
Dhaka,Rajbari,Rajbari Sadar,7711
Dhaka,Rajbari,Rajbari Sadar,7700
Dhaka,Shariatpur,Bhedorganj,8030
Dhaka,Shariatpur,Damudhya,8040
Dhaka,Shariatpur,Gosairhat,8050
Dhaka,Shariatpur,Jajira,8010
Dhaka,Shariatpur,Naria,8021
Dhaka,Shariatpur,Naria,8022
Dhaka,Shariatpur,Naria,8024
Dhaka,Shariatpur,Naria,8020
Dhaka,Shariatpur,Naria,8023
Dhaka,Shariatpur,Shariatpur Sadar,8001
Dhaka,Shariatpur,Shariatpur Sadar,8002
Dhaka,Shariatpur,Shariatpur Sadar,8000
Dhaka,Tangail,Basail,1920
Dhaka,Tangail,Bhuapur,1960
Dhaka,Tangail,Delduar,1910
Dhaka,Tangail,Delduar,1913
Dhaka,Tangail,Delduar,1914
Dhaka,Tangail,Delduar,1911
Dhaka,Tangail,Delduar,1915
Dhaka,Tangail,Delduar,1912
Dhaka,Tangail,Ghatail,1982
Dhaka,Tangail,Ghatail,1983
Dhaka,Tangail,Ghatail,1980
Dhaka,Tangail,Ghatail,1984
Dhaka,Tangail,Ghatail,1981
Dhaka,Tangail,Gopalpur,1990
Dhaka,Tangail,Gopalpur,1992
Dhaka,Tangail,Gopalpur,1991
Dhaka,Tangail,Gopalpur,1991
Dhaka,Tangail,Kalihati,1973
Dhaka,Tangail,Kalihati,1974
Dhaka,Tangail,Kalihati,1970
Dhaka,Tangail,Kalihati,1977
Dhaka,Tangail,Kalihati,1976
Dhaka,Tangail,Kalihati,1972
Dhaka,Tangail,Kalihati,1975
Dhaka,Tangail,Kalihati,1971
Dhaka,Tangail,Kashkaolia,1930
Dhaka,Tangail,Madhupur,1997
Dhaka,Tangail,Madhupur,1996
Dhaka,Tangail,Mirzapur,1941
Dhaka,Tangail,Mirzapur,1944
Dhaka,Tangail,Mirzapur,1942
Dhaka,Tangail,Mirzapur,1940
Dhaka,Tangail,Mirzapur,1945
Dhaka,Tangail,Mirzapur,1943
Dhaka,Tangail,Nagarpur,1937
Dhaka,Tangail,Nagarpur,1936
Dhaka,Tangail,Nagarpur,1938
Dhaka,Tangail,Sakhipur,1951
Dhaka,Tangail,Sakhipur,1950
Dhaka,Tangail,Tangail Sadar,1901
Dhaka,Tangail,Tangail Sadar,1903
Dhaka,Tangail,Tangail Sadar,1904
Dhaka,Tangail,Tangail Sadar,1902
Dhaka,Tangail,Tangail Sadar,1900
Mymensingh,Jamalpur,Dewangonj,2030
Mymensingh,Jamalpur,Dewangonj,2031
Mymensingh,Jamalpur,Islampur,2021
Mymensingh,Jamalpur,Islampur,2022
Mymensingh,Jamalpur,Islampur,2020
Mymensingh,Jamalpur,Jamalpur,2000
Mymensingh,Jamalpur,Jamalpur,2001
Mymensingh,Jamalpur,Jamalpur,2002
Mymensingh,Jamalpur,Malandah,2011
Mymensingh,Jamalpur,Malandah,2013
Mymensingh,Jamalpur,Malandah,2012
Mymensingh,Jamalpur,Malandah,2010
Mymensingh,Jamalpur,Madarganj,2041
Mymensingh,Jamalpur,Madarganj,2040
Mymensingh,Jamalpur,Sharishabari,2052
Mymensingh,Jamalpur,Madarganj,2051
Mymensingh,Jamalpur,Sharishabari,2053
Mymensingh,Jamalpur,Sharishabari,2055
Mymensingh,Jamalpur,Sharishabari,2054
Mymensingh,Jamalpur,Sharishabari,2050
Mymensingh,Mymensingh,Bhaluka,2240
Mymensingh,Mymensingh,Fulbaria,2216
Mymensingh,Mymensingh,Gaforgaon,2234
Mymensingh,Mymensingh,Gaforgaon,2230
Mymensingh,Mymensingh,Gaforgaon,2233
Mymensingh,Mymensingh,Gaforgaon,2231
Mymensingh,Mymensingh,Gaforgaon,2232
Mymensingh,Mymensingh,Gouripur,2270
Mymensingh,Mymensingh,Gouripur,2271
Mymensingh,Mymensingh,Haluaghat,2261
Mymensingh,Mymensingh,Haluaghat,2260
Mymensingh,Mymensingh,Haluaghat,2262
Mymensingh,Mymensingh,Isshwargonj,2282
Mymensingh,Mymensingh,Isshwargonj,2280
Mymensingh,Mymensingh,Isshwargonj,2281
Mymensingh,Mymensingh,Muktagachha,2210
Mymensingh,Mymensingh,Mymensingh Sadar,2202
Mymensingh,Mymensingh,Mymensingh Sadar,2204
Mymensingh,Mymensingh,Mymensingh Sadar,2201
Mymensingh,Mymensingh,Mymensingh Sadar,2200
Mymensingh,Mymensingh,Mymensingh Sadar,2205
Mymensingh,Mymensingh,Mymensingh Sadar,2203
Mymensingh,Mymensingh,Nandail,2291
Mymensingh,Mymensingh,Nandail,2290
Mymensingh,Mymensingh,Phulpur,2251
Mymensingh,Mymensingh,Phulpur,2250
Mymensingh,Mymensingh,Phulpur,2252
Mymensingh,Mymensingh,Trishal,2221
Mymensingh,Mymensingh,Trishal,2223
Mymensingh,Mymensingh,Trishal,2222
Mymensingh,Mymensingh,Trishal,2220
Mymensingh,Netrakona,Susung Durgapur,2420
Mymensingh,Netrakona,Atpara,2470
Mymensingh,Netrakona,Barhatta,2440
Mymensingh,Netrakona,Dharmapasha,2450
Mymensingh,Netrakona,Dhobaura,2416
Mymensingh,Netrakona,Dhobaura,2417
Mymensingh,Netrakona,Kalmakanda,2430
Mymensingh,Netrakona,Kendua,2480
Mymensingh,Netrakona,Khaliajuri,2460
Mymensingh,Netrakona,Khaliajuri,2462
Mymensingh,Netrakona,Madan,2490
Mymensingh,Netrakona,Moddhynagar,2456
Mymensingh,Netrakona,Mohanganj,2446
Mymensingh,Netrakona,Netrakona Sadar,2401
Mymensingh,Netrakona,Netrakona Sadar,2400
Mymensingh,Netrakona,Purbadhola,2412
Mymensingh,Netrakona,Purbadhola,2410
Mymensingh,Netrakona,Purbadhola,2411
Mymensingh,Sherpur,Bakshigonj,2140
Mymensingh,Sherpur,Jhinaigati,2120
Mymensingh,Sherpur,Nakla,2151
Mymensingh,Sherpur,Nakla,2150
Mymensingh,Sherpur,Nalitabari,2111
Mymensingh,Sherpur,Nalitabari,2110
Mymensingh,Sherpur,Sherpur Shadar,2100
Mymensingh,Sherpur,Shribardi,2130
Sylhet,Habiganj,Azmireeganj,3360
Sylhet,Habiganj,Bahubal,3310
Sylhet,Habiganj,Baniachang,3350
Sylhet,Habiganj,Baniachang,3351
Sylhet,Habiganj,Baniachang,3352
Sylhet,Habiganj,Chunarughat,3321
Sylhet,Habiganj,Chunarughat,3320
Sylhet,Habiganj,Chunarughat,3322
Sylhet,Habiganj,Habiganj Sadar,3302
Sylhet,Habiganj,Habiganj Sadar,3300
Sylhet,Habiganj,Habiganj Sadar,3301
Sylhet,Habiganj,Kalauk,3340
Sylhet,Habiganj,Kalauk,3341
Sylhet,Habiganj,Madhabpur,3331
Sylhet,Habiganj,Madhabpur,3330
Sylhet,Habiganj,Madhabpur,3333
Sylhet,Habiganj,Madhabpur,3332
Sylhet,Habiganj,Nabiganj,3373
Sylhet,Habiganj,Nabiganj,3372
Sylhet,Habiganj,Nabiganj,3371
Sylhet,Habiganj,Nabiganj,3374
Sylhet,Habiganj,Nabiganj,3370
Sylhet,Moulvibazar,Baralekha,3250
Sylhet,Moulvibazar,Baralekha,3252
Sylhet,Moulvibazar,Baralekha,3251
Sylhet,Moulvibazar,Baralekha,3253
Sylhet,Moulvibazar,Kamalganj,3220
Sylhet,Moulvibazar,Kamalganj,3221
Sylhet,Moulvibazar,Kamalganj,3224
Sylhet,Moulvibazar,Kamalganj,3222
Sylhet,Moulvibazar,Kamalganj,3223
Sylhet,Moulvibazar,Kulaura,3237
Sylhet,Moulvibazar,Kulaura,3234
Sylhet,Moulvibazar,Kulaura,3235
Sylhet,Moulvibazar,Kulaura,3230
Sylhet,Moulvibazar,Kulaura,3232
Sylhet,Moulvibazar,Kulaura,3233
Sylhet,Moulvibazar,Kulaura,3231
Sylhet,Moulvibazar,Moulvibazar Sadar,3203
Sylhet,Moulvibazar,Moulvibazar Sadar,3201
Sylhet,Moulvibazar,Moulvibazar Sadar,3202
Sylhet,Moulvibazar,Moulvibazar Sadar,3200
Sylhet,Moulvibazar,Rajnagar,3240
Sylhet,Moulvibazar,Srimangal,3212
Sylhet,Moulvibazar,Srimangal,3213
Sylhet,Moulvibazar,Srimangal,3211
Sylhet,Moulvibazar,Srimangal,3214
Sylhet,Moulvibazar,Srimangal,3210
Sylhet,Sunamganj,Bishamsarpur,3010
Sylhet,Sunamganj,Chhatak,3080
Sylhet,Sunamganj,Chhatak,3081
Sylhet,Sunamganj,Chhatak,3082
Sylhet,Sunamganj,Chhatak,3893
Sylhet,Sunamganj,Chhatak,3083
Sylhet,Sunamganj,Chhatak,3084
Sylhet,Sunamganj,Chhatak,3088
Sylhet,Sunamganj,Chhatak,3087
Sylhet,Sunamganj,Chhatak,3085
Sylhet,Sunamganj,Chhatak,3086
Sylhet,Sunamganj,Dhirai Chandpur,3040
Sylhet,Sunamganj,Dhirai Chandpur,3041
Sylhet,Sunamganj,Duara bazar,3070
Sylhet,Sunamganj,Ghungiar,3050
Sylhet,Sunamganj,Jagnnathpur,3062
Sylhet,Sunamganj,Jagnnathpur,3063
Sylhet,Sunamganj,Jagnnathpur,3060
Sylhet,Sunamganj,Jagnnathpur,3064
Sylhet,Sunamganj,Jagnnathpur,3065
Sylhet,Sunamganj,Jagnnathpur,3061
Sylhet,Sunamganj,Jagnnathpur,3127
Sylhet,Sunamganj,Sachna,3020
Sylhet,Sunamganj,Sunamganj Sadar,3001
Sylhet,Sunamganj,Sunamganj Sadar,3002
Sylhet,Sunamganj,Sunamganj Sadar,3000
Sylhet,Sunamganj,Tahirpur,3030
Sylhet,Sylhet,Balaganj,3120
Sylhet,Sylhet,Balaganj,3125
Sylhet,Sylhet,Balaganj,3122
Sylhet,Sylhet,Balaganj,3128
Sylhet,Sylhet,Balaganj,3124
Sylhet,Sylhet,Balaganj,3121
Sylhet,Sylhet,Balaganj,3127
Sylhet,Sylhet,Balaganj,3129
Sylhet,Sylhet,Balaganj,3126
Sylhet,Sylhet,Balaganjgfhfghj,3123
Sylhet,Sylhet,Bianibazar,3170
Sylhet,Sylhet,Bianibazar,3175
Sylhet,Sylhet,Bianibazar,3171
Sylhet,Sylhet,Bianibazar,3173
Sylhet,Sylhet,Bianibazar,3172
Sylhet,Sylhet,Bianibazar,3174
Sylhet,Sylhet,Bishwanath,3130
Sylhet,Sylhet,Bishwanath,3131
Sylhet,Sylhet,Bishwanath,3133
Sylhet,Sylhet,Bishwanath,3132
Sylhet,Sylhet,Bishwanath,3134
Sylhet,Sylhet,Fenchuganj,3116
Sylhet,Sylhet,Gopalganj Sadar,3117
Sylhet,Sylhet,Goainhat,3152
Sylhet,Sylhet,Goainhat,3150
Sylhet,Sylhet,Goainhat,3151
Sylhet,Sylhet,Gopalganj,3164
Sylhet,Sylhet,Gopalganj,3165
Sylhet,Sylhet,Gopalganj,3162
Sylhet,Sylhet,Gopalganj,3161
Sylhet,Sylhet,Gopalganj,3160
Sylhet,Sylhet,Gopalganj,3163
Sylhet,Sylhet,Jaintapur,3156
Sylhet,Sylhet,Jakiganj,3191
Sylhet,Sylhet,Jakiganj,3190
Sylhet,Sylhet,Kanaighat,3181
Sylhet,Sylhet,Kanaighat,3183
Sylhet,Sylhet,Kanaighat,3180
Sylhet,Sylhet,Kanaighat,3182
Sylhet,Sylhet,Kompanyganj,3140
Sylhet,Sylhet,Sylhet Sadar,3106
Sylhet,Sylhet,Sylhet Sadar,3107
Sylhet,Sylhet,Sylhet Sadar,3104
Sylhet,Sylhet,Sylhet Sadar,3111
Sylhet,Sylhet,Sylhet Sadar,3112
Sylhet,Sylhet,Sylhet Sadar,3103
Sylhet,Sylhet,Sylhet Sadar,3113
Sylhet,Sylhet,Sylhet Sadar,3108
Sylhet,Sylhet,Sylhet Sadar,3109
Sylhet,Sylhet,Sylhet Sadar,3114
Sylhet,Sylhet,Sylhet Sadar,3105
Sylhet,Sylhet,Sylhet Sadar,3100
Sylhet,Sylhet,Sylhet Sadar,3102
Sylhet,Sylhet,Sylhet Sadar,3101
Chattogram,Feni,Thana SONAGAZI,3937
Chattogram,Bandarban,Alikadam,4650
Chattogram,Bandarban,Bandarban Sadar,4600
Chattogram,Bandarban,Naikhong,4660
Chattogram,Bandarban,Roanchhari,4610
Chattogram,Bandarban,Ruma,4620
Chattogram,Bandarban,Thanchi,4641
Chattogram,Bandarban,Thanchi,4630
Chattogram,Brahmanbaria,Akhaura,3450
Chattogram,Brahmanbaria,Akhaura,3451
Chattogram,Brahmanbaria,Akhaura,3452
Chattogram,Brahmanbaria,Banchharampur,3420
Chattogram,Brahmanbaria,Brahamanbaria Sadar,3402
Chattogram,Brahmanbaria,Brahamanbaria Sadar,3403
Chattogram,Brahmanbaria,Brahamanbaria Sadar,3400
Chattogram,Brahmanbaria,Brahamanbaria Sadar,3404
Chattogram,Brahmanbaria,Brahamanbaria Sadar,3401
Chattogram,Brahmanbaria,Kasba,3462
Chattogram,Brahmanbaria,Kasba,3463
Chattogram,Brahmanbaria,Kasba,3464
Chattogram,Brahmanbaria,Kasba,3460
Chattogram,Brahmanbaria,Kasba,3461
Chattogram,Brahmanbaria,Nabinagar,3419
Chattogram,Brahmanbaria,Nabinagar,3417
Chattogram,Brahmanbaria,Nabinagar,3411
Chattogram,Brahmanbaria,Nabinagar,3410
Chattogram,Brahmanbaria,Nabinagar,3412
Chattogram,Brahmanbaria,Nabinagar,3414
Chattogram,Brahmanbaria,Nabinagar,3418
Chattogram,Brahmanbaria,Nabinagar,3415
Chattogram,Brahmanbaria,Nabinagar,3413
Chattogram,Brahmanbaria,Nasirnagar,3441
Chattogram,Brahmanbaria,Nasirnagar,3440
Chattogram,Brahmanbaria,Sarail,3432
Chattogram,Brahmanbaria,Sarail,3430
Chattogram,Brahmanbaria,Sarail,3431
Chattogram,Chandpur,Chandpur Sadar,3602
Chattogram,Chandpur,Chandpur Sadar,3600
Chattogram,Chandpur,Chandpur Sadar,3601
Chattogram,Chandpur,Chandpur Sadar,3603
Chattogram,Chandpur,Faridganj,3651
Chattogram,Chandpur,Faridganj,3650
Chattogram,Chandpur,Faridganj,3653
Chattogram,Chandpur,Faridganj,3655
Chattogram,Chandpur,Faridganj,3654
Chattogram,Chandpur,Faridganj,3652
Chattogram,Chandpur,Hajiganj,3611
Chattogram,Chandpur,Hajiganj,3610
Chattogram,Chandpur,Hayemchar,3661
Chattogram,Chandpur,Hayemchar,3660
Chattogram,Chandpur,Kachua,3630
Chattogram,Chandpur,Kachua,3631
Chattogram,Chandpur,Kachua,3632
Chattogram,Chandpur,Kachua,3633
Chattogram,Chandpur,Matlobganj,3642
Chattogram,Chandpur,Matlobganj,3640
Chattogram,Chandpur,Matlobganj,3641
Chattogram,Chandpur,Shahrasti,3623
Chattogram,Chandpur,Shahrasti,3624
Chattogram,Chandpur,Shahrasti,3621
Chattogram,Chandpur,Shahrasti,3622
Chattogram,Chandpur,Shahrasti,3620
Chattogram,Chattogram,Anawara,4376
Chattogram,Chattogram,Anawara,4378
Chattogram,Chattogram,Anawara,4377
Chattogram,Chattogram,Boalkhali,4366
Chattogram,Chattogram,Boalkhali,4369
Chattogram,Chattogram,Boalkhali,4365
Chattogram,Chattogram,Boalkhali,4368
Chattogram,Chattogram,Boalkhali,4363
Chattogram,Chattogram,Boalkhali,4367
Chattogram,Chattogram,Boalkhali,4364
Chattogram,Chattogram,Chattogram Sadar,4221
Chattogram,Chattogram,Chattogram Sadar,4211
Chattogram,Chattogram,Chattogram Sadar,4215
Chattogram,Chattogram,Chattogram Sadar,4210
Chattogram,Chattogram,Chattogram Sadar,4212
Chattogram,Chattogram,Chattogram Sadar,4203
Chattogram,Chattogram,Chattogram Sadar,4220
Chattogram,Chattogram,Chattogram Sadar,4219
Chattogram,Chattogram,Chattogram Sadar,4209
Chattogram,Chattogram,Chattogram Sadar,4218
Chattogram,Chattogram,Chattogram Sadar,4205
Chattogram,Chattogram,Chattogram Sadar,4100
Chattogram,Chattogram,Chattogram Sadar,4000
Chattogram,Chattogram,Chattogram Sadar,4223
Chattogram,Chattogram,Chattogram Sadar,4207
Chattogram,Chattogram,Chattogram Sadar,4216
Chattogram,Chattogram,Chattogram Sadar,4225
Chattogram,Chattogram,Chattogram Sadar,4214
Chattogram,Chattogram,Chattogram Sadar,4206
Chattogram,Chattogram,Chattogram Sadar,4222
Chattogram,Chattogram,Chattogram Sadar,4208
Chattogram,Chattogram,Chattogram Sadar,4226
Chattogram,Chattogram,Chattogram Sadar,4217
Chattogram,Chattogram,Chattogram Sadar,4202
Chattogram,Chattogram,Chattogram Sadar,4204
Chattogram,Chattogram,Chattogram Sadar,4224
Chattogram,Chattogram,Gopalganj Sadar,4213
Chattogram,Chattogram,East Joara,4383
Chattogram,Chattogram,East Joara,4382
Chattogram,Chattogram,East Joara,4380
Chattogram,Chattogram,East Joara,4381
Chattogram,Chattogram,Fatikchhari,4352
Chattogram,Chattogram,Fatikchhari,4350
Chattogram,Chattogram,Fatikchhari,4354
Chattogram,Chattogram,Fatikchhari,4353
Chattogram,Chattogram,Fatikchhari,4351
Chattogram,Chattogram,Fatikchhari,4355
Chattogram,Chattogram,Hathazari,4331
Chattogram,Chattogram,Hathazari,4335
Chattogram,Chattogram,Hathazari,4332
Chattogram,Chattogram,Hathazari,4330
Chattogram,Chattogram,Hathazari,4333
Chattogram,Chattogram,Hathazari,4339
Chattogram,Chattogram,Hathazari,4334
Chattogram,Chattogram,Hathazari,4337
Chattogram,Chattogram,Hathazari,4338
Chattogram,Chattogram,Jaldi,4393
Chattogram,Chattogram,Jaldi,4392
Chattogram,Chattogram,Jaldi,4390
Chattogram,Chattogram,Jaldi,4391
Chattogram,Chattogram,Lohagara,4398
Chattogram,Chattogram,Lohagara,4396
Chattogram,Chattogram,Lohagara,4397
Chattogram,Chattogram,Mirsharai,4321
Chattogram,Chattogram,Mirsharai,4325
Chattogram,Chattogram,Mirsharai,4323
Chattogram,Chattogram,Mirsharai,4322
Chattogram,Chattogram,Mirsharai,4324
Chattogram,Chattogram,Mirsharai,4327
Chattogram,Chattogram,Mirsharai,4320
Chattogram,Chattogram,Mirsharai,4328
Chattogram,Chattogram,Patiya,4371
Chattogram,Chattogram,Patiya,4370
Chattogram,Chattogram,Rangunia,4361
Chattogram,Chattogram,Rangunia,4360
Chattogram,Chattogram,Rouzan,4349
Chattogram,Chattogram,Rouzan,4341
Chattogram,Chattogram,Rouzan,4347
Chattogram,Chattogram,Rouzan,4345
Chattogram,Chattogram,Rouzan,4343
Chattogram,Chattogram,Rouzan,4346
Chattogram,Chattogram,Rouzan,4344
Chattogram,Chattogram,Rouzan,4342
Chattogram,Chattogram,Rouzan,4348
Chattogram,Chattogram,Rouzan,4340
Chattogram,Chattogram,Sandwip,4300
Chattogram,Chattogram,Sandwip,4301
Chattogram,Chattogram,Sandwip,4302
Chattogram,Chattogram,Satkania,4387
Chattogram,Chattogram,Satkania,4388
Chattogram,Chattogram,Satkania,4386
Chattogram,Chattogram,Sitakunda,4312
Chattogram,Chattogram,Sitakunda,4311
Chattogram,Chattogram,Sitakunda,4313
Chattogram,Chattogram,Sitakunda,4315
Chattogram,Chattogram,Sitakunda,4316
Chattogram,Chattogram,Sitakunda,4317
Chattogram,Chattogram,Sitakunda,4314
Chattogram,Chattogram,Sitakunda,4310
Chattogram,Comilla,Barura,3560
Chattogram,Comilla,Barura,3562
Chattogram,Comilla,Barura,3561
Chattogram,Comilla,Brahmanpara,3526
Chattogram,Comilla,Burichang,3520
Chattogram,Comilla,Burichang,3521
Chattogram,Comilla,Chandina,3510
Chattogram,Comilla,Chandina,3511
Chattogram,Comilla,Chouddagram,3551
Chattogram,Comilla,Chouddagram,3552
Chattogram,Comilla,Chouddagram,3550
Chattogram,Comilla,Comilla Sadar,3501
Chattogram,Comilla,Comilla Sadar,3500
Chattogram,Comilla,Comilla Sadar,3503
Chattogram,Comilla,Comilla Sadar,3502
Chattogram,Comilla,Comilla Sadar,3504
Chattogram,Comilla,Daudkandi,3518
Chattogram,Comilla,Daudkandi,3516
Chattogram,Comilla,Daudkandi,3519
Chattogram,Comilla,Daudkandi,3517
Chattogram,Comilla,Davidhar,3532
Chattogram,Comilla,Davidhar,3530
Chattogram,Comilla,Davidhar,3533
Chattogram,Comilla,Davidhar,3531
Chattogram,Comilla,Homna,3546
Chattogram,Comilla,Laksam,3572
Chattogram,Comilla,Laksam,3570
Chattogram,Comilla,Laksam,3571
Chattogram,Comilla,Langalkot,3582
Chattogram,Comilla,Langalkot,3581
Chattogram,Comilla,Langalkot,3583
Chattogram,Comilla,Langalkot,3580
Chattogram,Comilla,Muradnagar,3543
Chattogram,Comilla,Muradnagar,3542
Chattogram,Comilla,Muradnagar,3540
Chattogram,Comilla,Muradnagar,3545
Chattogram,Comilla,Muradnagar,3541
Chattogram,Comilla,Muradnagar,3544
Chattogram,Cox's Bazar,Chiringga,4742
Chattogram,Cox's Bazar,Chiringga,4740
Chattogram,Cox's Bazar,Chiringga,4741
Chattogram,Cox's Bazar,Chiringga,4743
Chattogram,Cox's Bazar,Coxs Bazar Sadar,4700
Chattogram,Cox's Bazar,Coxs Bazar Sadar,4702
Chattogram,Cox's Bazar,Coxs Bazar Sadar,4701
Chattogram,Cox's Bazar,Gorakghat,4710
Chattogram,Cox's Bazar,Kutubdia,4720
Chattogram,Cox's Bazar,Ramu,4730
Chattogram,Cox's Bazar,Teknaf,4761
Chattogram,Cox's Bazar,Teknaf,4762
Chattogram,Cox's Bazar,Teknaf,4760
Chattogram,Cox's Bazar,Ukhia,4750
Chattogram,Feni,Chhagalnaia,3910
Chattogram,Feni,Chhagalnaia,3912
Chattogram,Feni,Chhagalnaia,3911
Chattogram,Feni,Chhagalnaia,3913
Chattogram,Feni,Dagonbhuia,3922
Chattogram,Feni,Dagonbhuia,3920
Chattogram,Feni,Dagonbhuia,3921
Chattogram,Feni,Dagonbhuia,3923
Chattogram,Feni,Feni Sadar,3901
Chattogram,Feni,Feni Sadar,3900
Chattogram,Feni,Feni Sadar,3903
Chattogram,Feni,Feni Sadar,3902
Chattogram,Feni,Pashurampur,3942
Chattogram,Feni,Pashurampur,3943
Chattogram,Feni,Pashurampur,3940
Chattogram,Feni,Pashurampur,3941
Chattogram,Feni,Sonagazi,3932
Chattogram,Feni,Sonagazi,3933
Chattogram,Feni,Sonagazi,3931
Chattogram,Feni,Sonagazi,3930
Chattogram,Khagrachari,Diginala,4420
Chattogram,Khagrachari,Khagrachari Sadar,4400
Chattogram,Khagrachari,Laxmichhari,4470
Chattogram,Khagrachari,Mahalchhari,4430
Chattogram,Khagrachari,Manikchhari,4460
Chattogram,Khagrachari,Matiranga,4450
Chattogram,Khagrachari,Panchhari,4410
Chattogram,Khagrachari,Ramghar Head Office,4440
Chattogram,Lakshmipur,Char Alexgander,3730
Chattogram,Lakshmipur,Char Alexgander,3731
Chattogram,Lakshmipur,Char Alexgander,3732
Chattogram,Lakshmipur,Lakshimpur Sadar,3709
Chattogram,Lakshmipur,Lakshimpur Sadar,3702
Chattogram,Lakshmipur,Lakshimpur Sadar,3708
Chattogram,Lakshmipur,Lakshimpur Sadar,3707
Chattogram,Lakshmipur,Lakshimpur Sadar,3701
Chattogram,Lakshmipur,Lakshimpur Sadar,3706
Chattogram,Lakshmipur,Lakshimpur Sadar,3704
Chattogram,Lakshmipur,Lakshimpur Sadar,3700
Chattogram,Lakshmipur,Lakshimpur Sadar,3703
Chattogram,Lakshmipur,Lakshimpur Sadar,3705
Chattogram,Lakshmipur,Ramganj,3721
Chattogram,Lakshmipur,Ramganj,3725
Chattogram,Lakshmipur,Ramganj,3723
Chattogram,Lakshmipur,Ramganj,3724
Chattogram,Lakshmipur,Ramganj,3722
Chattogram,Lakshmipur,Ramganj,3720
Chattogram,Lakshmipur,Raypur,3714
Chattogram,Lakshmipur,Raypur,3713
Chattogram,Lakshmipur,Raypur,3713
Chattogram,Lakshmipur,Raypur,3712
Chattogram,Lakshmipur,Raypur,3711
Chattogram,Lakshmipur,Raypur,3710
Chattogram,Noakhali,Basurhat,3850
Chattogram,Noakhali,Basurhat,3851
Chattogram,Noakhali,Begumganj,3831
Chattogram,Noakhali,Begumganj,3847
Chattogram,Noakhali,Begumganj,3822
Chattogram,Noakhali,Begumganj,3824
Chattogram,Noakhali,Begumganj,3820
Chattogram,Noakhali,Begumganj,3837
Chattogram,Noakhali,Begumganj,3821
Chattogram,Noakhali,Begumganj,3843
Chattogram,Noakhali,Begumganj,3848
Chattogram,Noakhali,Begumganj,3828
Chattogram,Noakhali,Begumganj,3825
Chattogram,Noakhali,Begumganj,3844
Chattogram,Noakhali,Begumganj,3829
Chattogram,Noakhali,Begumganj,3833
Chattogram,Noakhali,Begumganj,3842
Chattogram,Noakhali,Begumganj,3838
Chattogram,Noakhali,Begumganj,3823
Chattogram,Noakhali,Begumganj,3839
Chattogram,Noakhali,Begumganj,3841
Chattogram,Noakhali,Begumganj,3835
Chattogram,Noakhali,Begumganj,3834
Chattogram,Noakhali,Begumganj,3827
Chattogram,Noakhali,Begumganj,3832
Chattogram,Noakhali,Begumganj,3845
Chattogram,Noakhali,Chatkhil,3879
Chattogram,Noakhali,Chatkhil,3873
Chattogram,Noakhali,Chatkhil,3870
Chattogram,Noakhali,Chatkhil,3878
Chattogram,Noakhali,Chatkhil,3877
Chattogram,Noakhali,Chatkhil,3872
Chattogram,Noakhali,Chatkhil,3871
Chattogram,Noakhali,Chatkhil,3874
Chattogram,Noakhali,Chatkhil,3881
Chattogram,Noakhali,Chatkhil,3882
Chattogram,Noakhali,Chatkhil,3883
Chattogram,Noakhali,Chatkhil,3875
Chattogram,Noakhali,Hatiya,3891
Chattogram,Noakhali,Hatiya,3890
Chattogram,Noakhali,Hatiya,3892
Chattogram,Noakhali,Noakhali Sadar,3811
Chattogram,Noakhali,Noakhali Sadar,3812
Chattogram,Noakhali,Noakhali Sadar,3809
Chattogram,Noakhali,Noakhali Sadar,3803
Chattogram,Noakhali,Noakhali Sadar,3807
Chattogram,Noakhali,Noakhali Sadar,3808
Chattogram,Noakhali,Noakhali Sadar,3806
Chattogram,Noakhali,Noakhali Sadar,3801
Chattogram,Noakhali,Noakhali Sadar,3800
Chattogram,Noakhali,Noakhali Sadar,3804
Chattogram,Noakhali,Noakhali Sadar,3802
Chattogram,Noakhali,Senbag,3862
Chattogram,Noakhali,Senbag,3864
Chattogram,Noakhali,Senbag,3861
Chattogram,Noakhali,Senbag,3863
Chattogram,Noakhali,Senbag,3860
Chattogram,Noakhali,Senbag,3865
Chattogram,Rangamati,Barakal,4570
Chattogram,Rangamati,Bilaichhari,4550
Chattogram,Rangamati,Jarachhari,4560
Chattogram,Rangamati,Kalampati,4511
Chattogram,Rangamati,Kalampati,4510
Chattogram,Rangamati,kaptai,4531
Chattogram,Rangamati,kaptai,4530
Chattogram,Rangamati,kaptai,4533
Chattogram,Rangamati,kaptai,4532
Chattogram,Rangamati,Longachh,4580
Chattogram,Rangamati,Marishya,4590
Chattogram,Rangamati,Naniachhar,4520
Chattogram,Rangamati,Rajsthali,4540
Chattogram,Rangamati,Rangamati Sadar,4500
Rangpur,Dinajpur,Bangla Hili,5270
Rangpur,Dinajpur,Biral,5210
Rangpur,Dinajpur,Birampur,5266
Rangpur,Dinajpur,Birganj,5220
Rangpur,Dinajpur,Chirirbandar,5240
Rangpur,Dinajpur,Chirirbandar,5241
Rangpur,Dinajpur,Dinajpur Sadar,5201
Rangpur,Dinajpur,Dinajpur Sadar,5200
Rangpur,Dinajpur,Khansama,5230
Rangpur,Dinajpur,Khansama,5231
Rangpur,Dinajpur,Maharajganj,5226
Rangpur,Dinajpur,Nawabganj,5281
Rangpur,Dinajpur,Nawabganj,5282
Rangpur,Dinajpur,Nawabganj,5280
Rangpur,Dinajpur,Ghoraghat,5291
Rangpur,Dinajpur,Ghoraghat,5290
Rangpur,Dinajpur,Parbatipur,5250
Rangpur,Dinajpur,Phulbari,5260
Rangpur,Dinajpur,Setabganj,5816
Rangpur,Gaibandha,Bonarpara,5750
Rangpur,Gaibandha,Bonarpara,5751
Rangpur,Gaibandha,Gaibandha Sadar,5700
Rangpur,Gaibandha,Gobindaganj,5740
Rangpur,Gaibandha,Gobindaganj,5741
Rangpur,Gaibandha,Palashbari,5730
Rangpur,Gaibandha,Phulchhari,5761
Rangpur,Gaibandha,Phulchhari,5760
Rangpur,Gaibandha,Saadullapur,5711
Rangpur,Gaibandha,Saadullapur,5710
Rangpur,Gaibandha,Sundarganj,5721
Rangpur,Gaibandha,Sundarganj,5720
Rangpur,Kurigram,Bhurungamari,5670
Rangpur,Kurigram,Chilmari,5630
Rangpur,Kurigram,Chilmari,5631
Rangpur,Kurigram,Kurigram Sadar,5600
Rangpur,Kurigram,Kurigram Sadar,5601
Rangpur,Kurigram,Kurigram Sadar,5680
Rangpur,Kurigram,Nageshwar,5660
Rangpur,Kurigram,Rajarhat,5611
Rangpur,Kurigram,Rajarhat,5610
Rangpur,Kurigram,Rajibpur,5650
Rangpur,Kurigram,Roumari,5640
Rangpur,Kurigram,Ulipur,5621
Rangpur,Kurigram,Ulipur,5620
Rangpur,Lalmonirhat,Aditmari,5510
Rangpur,Lalmonirhat,Hatibandha,5530
Rangpur,Lalmonirhat,Lalmonirhat Sadar,5502
Rangpur,Lalmonirhat,Lalmonirhat Sadar,5500
Rangpur,Lalmonirhat,Lalmonirhat Sadar,5501
Rangpur,Lalmonirhat,Patgram,5541
Rangpur,Lalmonirhat,Patgram,5542
Rangpur,Lalmonirhat,Patgram,5540
Rangpur,Lalmonirhat,Tushbhandar,5520
Rangpur,Nilphamari,Dimla,5350
Rangpur,Nilphamari,Dimla,5351
Rangpur,Nilphamari,Domar,5341
Rangpur,Nilphamari,Domar,5340
Rangpur,Nilphamari,Jaldhaka,5330
Rangpur,Nilphamari,Kishoriganj,5320
Rangpur,Nilphamari,Nilphamari Sadar,5300
Rangpur,Nilphamari,Nilphamari Sadar,5301
Rangpur,Nilphamari,Saidpur,5310
Rangpur,Nilphamari,Saidpur,5311
Rangpur,Panchagarh,Boda,5010
Rangpur,Panchagarh,Chotto Dab,5040
Rangpur,Panchagarh,Chotto Dab,5041
Rangpur,Panchagarh,Dabiganj,5020
Rangpur,Panchagarh,Panchagra Sadar,5000
Rangpur,Panchagarh,Tetulia,5030
Rangpur,Rangpur,Taraganj,5420
Rangpur,Rangpur,Badarganj,5431
Rangpur,Rangpur,Gangachara,5410
Rangpur,Rangpur,Kaunia,5441
Rangpur,Rangpur,Kaunia,5440
Rangpur,Rangpur,Mithapukur,5460
Rangpur,Rangpur,Pirgachha,5450
Rangpur,Rangpur,Rangpur Sadar,5402
Rangpur,Rangpur,Rangpur Sadar,5403
Rangpur,Rangpur,Rangpur Sadar,5404
Rangpur,Rangpur,Rangpur Sadar,5405
Rangpur,Rangpur,Rangpur Sadar,5400
Rangpur,Rangpur,Rangpur Sadar,5401
Rangpur,Rangpur,Badarganj,5430
Rangpur,Thakurgaon,Baliadangi,5140
Rangpur,Thakurgaon,Baliadangi,5141
Rangpur,Thakurgaon,Jibanpur,5130
Rangpur,Thakurgaon,Pirganj,5110
Rangpur,Rangpur,Pirganj,5470
Rangpur,Thakurgaon,Rani Sankail,5121
Rangpur,Thakurgaon,Rani Sankail,5120
Rangpur,Thakurgaon,Thakurgaon Sadar,5103
Rangpur,Thakurgaon,Thakurgaon Sadar,5102
Rangpur,Thakurgaon,Thakurgaon Sadar,5101
Rangpur,Thakurgaon,Thakurgaon Sadar,5100
Rajshahi,Bogura,Adamdighi,5890
Rajshahi,Bogura,Adamdighi,5892
Rajshahi,Bogura,Adamdighi,5891
Rajshahi,Bogura,Bogura Sadar,5801
Rajshahi,Bogura,Bogura Sadar,5800
Rajshahi,Bogura,Dhunat,5850
Rajshahi,Bogura,Dhunat,5851
Rajshahi,Bogura,Dupchanchia,5880
Rajshahi,Bogura,Dupchachia,5881
Rajshahi,Bogura,Gabtoli,5820
Rajshahi,Bogura,Gabtoli,5821
Rajshahi,Bogura,Kahalu,5870
Rajshahi,Bogura,Nandigram,5860
Rajshahi,Bogura,Sariakandi,5831
Rajshahi,Bogura,Sariakandi,5830
Rajshahi,Bogura,Sherpur,5841
Rajshahi,Bogura,Sherpur,5842
Rajshahi,Bogura,Sherpur,5840
Rajshahi,Bogura,Shibganj,5810
Rajshahi,Bogura,Sonatola,5826
Rajshahi,Chapai Nawabganj,Bholahat,6330
Rajshahi,Chapai Nawabganj,Chapai Nawabganj Sadar,6303
Rajshahi,Chapai Nawabganj,Chapai Nawabganj Sadar,6300
Rajshahi,Chapai Nawabganj,Chapai Nawabganj Sadar,6301
Rajshahi,Chapai Nawabganj,Chapai Nawabganj Sadar,6302
Rajshahi,Chapai Nawabganj,Nachol,6311
Rajshahi,Chapai Nawabganj,Nachol,6310
Rajshahi,Chapai Nawabganj,Rohanpur,6321
Rajshahi,Chapai Nawabganj,Rohanpur,6320
Rajshahi,Chapai Nawabganj,Shibganj U.P.O,6341
Rajshahi,Chapai Nawabganj,Shibganj U.P.O,6342
Rajshahi,Chapai Nawabganj,Shibganj U.P.O,6340
Rajshahi,Joypurhat,Akkelpur,5940
Rajshahi,Joypurhat,Akkelpur,5941
Rajshahi,Joypurhat,Akkelpur,5942
Rajshahi,Joypurhat,Joypurhat Sadar,5900
Rajshahi,Joypurhat,kalai,5930
Rajshahi,Joypurhat,Khetlal,5920
Rajshahi,Joypurhat,panchbibi,5910
Rajshahi,Naogaon,Ahsanganj,6596
Rajshahi,Naogaon,Ahsanganj,6597
Rajshahi,Naogaon,Badalgachhi,6570
Rajshahi,Naogaon,Dhamuirhat,6580
Rajshahi,Naogaon,Mahadebpur,6530
Rajshahi,Naogaon,Naogaon Sadar,6500
Rajshahi,Naogaon,Niamatpur,6520
Rajshahi,Naogaon,Nitpur,6550
Rajshahi,Naogaon,Nitpur,6552
Rajshahi,Naogaon,Nitpur,6551
Rajshahi,Naogaon,Patnitala,6540
Rajshahi,Naogaon,Prasadpur,6512
Rajshahi,Naogaon,Prasadpur,6511
Rajshahi,Naogaon,Prasadpur,6510
Rajshahi,Naogaon,Raninagar,6591
Rajshahi,Naogaon,Raninagar,6590
Rajshahi,Naogaon,Sapahar,6561
Rajshahi,Naogaon,Sapahar,6560
Rajshahi,Natore,Gopalpur UPO,6422
Rajshahi,Natore,Gopalpur UPO,6420
Rajshahi,Natore,Gopalpur UPO,6421
Rajshahi,Natore,Harua,6432
Rajshahi,Natore,Harua,6431
Rajshahi,Natore,Harua,6430
Rajshahi,Natore,Hatgurudaspur,6440
Rajshahi,Natore,Laxman,6410
Rajshahi,Natore,Natore Sadar,6402
Rajshahi,Natore,Natore Sadar,6401
Rajshahi,Natore,Natore Sadar,6403
Rajshahi,Natore,Natore Sadar,6400
Rajshahi,Natore,Singra,6450
Rajshahi,Pabna,Banwarinagar,6650
Rajshahi,Pabna,Bera,6680
Rajshahi,Pabna,Bera,6682
Rajshahi,Pabna,Bera,6681
Rajshahi,Pabna,Bera,6683
Rajshahi,Pabna,Bhangura,6640
Rajshahi,Pabna,Chatmohar,6630
Rajshahi,Pabna,Atghoria,6610
Rajshahi,Pabna,Ishwardi,6621
Rajshahi,Pabna,Ishwardi,6620
Rajshahi,Pabna,Ishwardi,6622
Rajshahi,Pabna,Ishwardi,6623
Rajshahi,Pabna,Pabna Sadar,6602
Rajshahi,Pabna,Pabna Sadar,6601
Rajshahi,Pabna,Pabna Sadar,6600
Rajshahi,Pabna,Sathia,6670
Rajshahi,Pabna,Sujanagar,6661
Rajshahi,Pabna,Sujanagar,6660
Rajshahi,Rajshahi,Bagha,6281
Rajshahi,Rajshahi,Bagha,6280
Rajshahi,Rajshahi,Bagmara,6250
Rajshahi,Rajshahi,Bagmara,6251
Rajshahi,Rajshahi,Charghat,6270
Rajshahi,Rajshahi,Charghat,6271
Rajshahi,Rajshahi,Durgapur,6240
Rajshahi,Rajshahi,Godagari,6290
Rajshahi,Rajshahi,Godagari,6291
Rajshahi,Rajshahi,Gopalganj Sadar,6220
Rajshahi,Rajshahi,Lalitganj,6210
Rajshahi,Rajshahi,Lalitganj,6211
Rajshahi,Rajshahi,Lalitganj,6212
Rajshahi,Rajshahi,Putia,6260
Rajshahi,Rajshahi,Rajshahi Sadar,6206
Rajshahi,Rajshahi,Rajshahi Sadar,6100
Rajshahi,Rajshahi,Rajshahi Sadar,6204
Rajshahi,Rajshahi,Rajshahi Sadar,6202
Rajshahi,Rajshahi,Rajshahi Sadar,6201
Rajshahi,Rajshahi,Rajshahi Sadar,6000
Rajshahi,Rajshahi,Rajshahi Sadar,6205
Rajshahi,Rajshahi,Rajshahi Sadar,6203
Rajshahi,Rajshahi,Tanor,6230
Rajshahi,Sirajganj,Baiddya Jam Toil,6730
Rajshahi,Sirajganj,Belkuchi,6740
Rajshahi,Sirajganj,Belkuchi,6751
Rajshahi,Sirajganj,Belkuchi,6742
Rajshahi,Sirajganj,Belkuchi,6741
Rajshahi,Sirajganj,Belkuchi,6752
Rajshahi,Sirajganj,Dhangora,6720
Rajshahi,Sirajganj,Dhangora,6721
Rajshahi,Sirajganj,Kazipur,6712
Rajshahi,Sirajganj,Kazipur,6710
Rajshahi,Sirajganj,Kazipur,6711
Rajshahi,Sirajganj,Shahjadpur,6772
Rajshahi,Sirajganj,Shahjadpur,6773
Rajshahi,Sirajganj,Shahjadpur,6771
Rajshahi,Sirajganj,Shahjadpur,6770
Rajshahi,Sirajganj,Sirajganj Sadar,6701
Rajshahi,Sirajganj,Sirajganj Sadar,6702
Rajshahi,Sirajganj,Sirajganj Sadar,6700
Rajshahi,Sirajganj,Tarash,6780
Rajshahi,Sirajganj,Ullapara,6762
Rajshahi,Sirajganj,Ullapara,6763
Rajshahi,Sirajganj,Ullapara,6760
Rajshahi,Sirajganj,Ullapara,6761
Barishal,Barguna,Amtali,8710
Barishal,Barguna,Bamna,8730
Barishal,Barguna,Barguna Sadar,8700
Barishal,Barguna,Barguna Sadar,8701
Barishal,Barguna,Betagi,8740
Barishal,Barguna,Betagi,8741
Barishal,Barguna,Patharghata,8721
Barishal,Barguna,Patharghata,8720
Barishal,Barishal,Agailzhara,8240
Barishal,Barishal,Agailzhara,8241
Barishal,Barishal,Agailzhara,8242
Barishal,Barishal,Babuganj,8210
Barishal,Barishal,Babuganj,8216
Barishal,Barishal,Babuganj,8212
Barishal,Barishal,Babuganj,8213
Barishal,Barishal,Babuganj,8215
Barishal,Barishal,Babuganj,8211
Barishal,Barishal,Babuganj,8214
Barishal,Barishal,Barajalia,8260
Barishal,Barishal,Barajalia,8261
Barishal,Barishal,Barishal Sadar,8200
Barishal,Barishal,Barishal Sadar,8200
Barishal,Barishal,Barishal Sadar,8201
Barishal,Barishal,Barishal Sadar,8206
Barishal,Barishal,Barishal Sadar,8205
Barishal,Barishal,Barishal Sadar,8204
Barishal,Barishal,Barishal Sadar,8202
Barishal,Barishal,Barishal Sadar,8203
Barishal,Barishal,Gouranadi,8233
Barishal,Barishal,Gouranadi,8230
Barishal,Barishal,Gouranadi,8232
Barishal,Barishal,Gouranadi,8231
Barishal,Barishal,Mahendiganj,8274
Barishal,Barishal,Mahendiganj,8271
Barishal,Barishal,Mahendiganj,8270
Barishal,Barishal,Mahendiganj,8273
Barishal,Barishal,Mahendiganj,8272
Barishal,Barishal,Muladi,8252
Barishal,Barishal,Muladi,8251
Barishal,Barishal,Muladi,8250
Barishal,Barishal,Bakerganj,8281
Barishal,Barishal,Bakerganj,8284
Barishal,Barishal,Bakerganj,8282
Barishal,Barishal,Bakerganj,8280
Barishal,Barishal,Bakerganj,8283
Barishal,Barishal,Uzirpur,8223
Barishal,Barishal,Uzirpur,8221
Barishal,Barishal,Uzirpur,8222
Barishal,Barishal,Uzirpur,8224
Barishal,Barishal,Uzirpur,8220
Barishal,Bhola,Bhola Sadar,8300
Barishal,Bhola,Bhola Sadar,8301
Barishal,Bhola,Borhanuddin UPO,8320
Barishal,Bhola,Borhanuddin UPO,8321
Barishal,Bhola,Charfashion,8340
Barishal,Bhola,Charfashion,8341
Barishal,Bhola,Charfashion,8342
Barishal,Bhola,Doulatkhan,8310
Barishal,Bhola,Doulatkhan,8311
Barishal,Bhola,Hajirhat,8360
Barishal,Bhola,Hatshoshiganj,8350
Barishal,Bhola,Lalmohan UPO,8331
Barishal,Bhola,Lalmohan UPO,8332
Barishal,Bhola,Lalmohan UPO,8330
Barishal,Jhalokati,Jhalokati Sadar,8402
Barishal,Jhalokati,Jhalokati Sadar,8403
Barishal,Jhalokati,Jhalokati Sadar,8400
Barishal,Jhalokati,Jhalokati Sadar,8401
Barishal,Jhalokati,Jhalokati Sadar,8404
Barishal,Jhalokati,Kathalia,8431
Barishal,Jhalokati,Kathalia,8430
Barishal,Jhalokati,Kathalia,8432
Barishal,Jhalokati,Kathalia,8433
Barishal,Jhalokati,Nalchhiti,8421
Barishal,Jhalokati,Nalchhiti,8420
Barishal,Jhalokati,Rajapur,8410
Barishal,Patuakhali,Bauphal,8621
Barishal,Patuakhali,Bauphal,8620
Barishal,Patuakhali,Bauphal,8622
Barishal,Patuakhali,Bauphal,8624
Barishal,Patuakhali,Bauphal,8623
Barishal,Patuakhali,Dashmina,8630
Barishal,Patuakhali,Galachipa,8640
Barishal,Patuakhali,Galachipa,8641
Barishal,Patuakhali,Khepupara,8650
Barishal,Patuakhali,Khepupara,8651
Barishal,Patuakhali,Patuakhali Sadar,8602
Barishal,Patuakhali,Patuakhali Sadar,8601
Barishal,Patuakhali,Patuakhali Sadar,8600
Barishal,Patuakhali,Patuakhali Sadar,8603
Barishal,Patuakhali,Subidkhali,8610
Barishal,Pirojpur,Banaripara,8530
Barishal,Pirojpur,Banaripara,8531
Barishal,Pirojpur,Bhandaria,8550
Barishal,Pirojpur,Bhandaria,8552
Barishal,Pirojpur,Bhandaria,8551
Barishal,Pirojpur,kaukhali,8513
Barishal,Pirojpur,Gopalganj Sadar,8512
Barishal,Pirojpur,kaukhali,8510
Barishal,Pirojpur,kaukhali,8511
Barishal,Pirojpur,Mathbaria,8565
Barishal,Pirojpur,Mathbaria,8563
Barishal,Pirojpur,Mathbaria,8562
Barishal,Pirojpur,Mathbaria,8560
Barishal,Pirojpur,Mathbaria,8566
Barishal,Pirojpur,Mathbaria,8564
Barishal,Pirojpur,Mathbaria,8561
Barishal,Pirojpur,Nazirpur,8540
Barishal,Pirojpur,Nazirpur,8541
Barishal,Pirojpur,Pirojpur Sadar,8501
Barishal,Pirojpur,Pirojpur Sadar,8502
Barishal,Pirojpur,Pirojpur Sadar,8500
Barishal,Pirojpur,Swarupkathi,8521
Barishal,Pirojpur,Swarupkathi,8523
Barishal,Pirojpur,Swarupkathi,8522
Barishal,Pirojpur,Swarupkathi,8520
Khulna,Bagerhat,Bagerhat Sadar,9300
Khulna,Bagerhat,Bagerhat Sadar,9301
Khulna,Bagerhat,Bagerhat Sadar,9302
Khulna,Bagerhat,Chalna Ankorage,9350
Khulna,Bagerhat,Chalna Ankorage,9351
Khulna,Bagerhat,Chitalmari,9361
Khulna,Bagerhat,Chitalmari,9360
Khulna,Bagerhat,Fakirhat,9372
Khulna,Bagerhat,Fakirhat,9370
Khulna,Bagerhat,Fakirhat,9371
Khulna,Bagerhat,Kachua UPO,9310
Khulna,Bagerhat,Kachua UPO,9311
Khulna,Bagerhat,Mollahat,9383
Khulna,Bagerhat,Mollahat,9382
Khulna,Bagerhat,Mollahat,9381
Khulna,Bagerhat,Mollahat,9380
Khulna,Bagerhat,Mollahat,9384
Khulna,Bagerhat,Mollahat,9385
Khulna,Bagerhat,Morelganj,9320
Khulna,Bagerhat,Morelganj,9321
Khulna,Bagerhat,Morelganj,9322
Khulna,Bagerhat,Rampal,9341
Khulna,Bagerhat,Rampal,9343
Khulna,Bagerhat,Rampal,9340
Khulna,Bagerhat,Rampal,9342
Khulna,Bagerhat,Rayenda,9330
Khulna,Chuadanga,Alamdanga,7210
Khulna,Chuadanga,Alamdanga,7211
Khulna,Chuadanga,Chuadanga Sadar,7200
Khulna,Chuadanga,Chuadanga Sadar,7201
Khulna,Chuadanga,Damurhuda,7222
Khulna,Chuadanga,Damurhuda,7220
Khulna,Chuadanga,Damurhuda,7221
Khulna,Chuadanga,Doulatganj,7230
Khulna,Jashore,Bagharpara,7470
Khulna,Jashore,Bagharpara,7471
Khulna,Jashore,Chaugachha,7410
Khulna,Jashore,Jashore Sadar,7406
Khulna,Jashore,Jashore Sadar,7402
Khulna,Jashore,Jashore Sadar,7407
Khulna,Jashore,Jashore Sadar,7404
Khulna,Jashore,Jashore Sadar,7403
Khulna,Jashore,Jashore Sadar,7400
Khulna,Jashore,Jashore Sadar,7401
Khulna,Jashore,Jashore Sadar,7405
Khulna,Jashore,Jhikargachha,7420
Khulna,Jashore,Keshabpur,7450
Khulna,Jashore,Monirampur,7440
Khulna,Jashore,Noapara,7462
Khulna,Jashore,Noapara,7460
Khulna,Jashore,Noapara,7461
Khulna,Jashore,Sarsa,7433
Khulna,Jashore,Sarsa,7431
Khulna,Jashore,Sarsa,7432
Khulna,Jashore,Sarsa,7430
Khulna,Jhenaidah,Harinakundu,7310
Khulna,Jhenaidah,Jhenaidah Sadar,7301
Khulna,Jhenaidah,Jhenaidah Sadar,7300
Khulna,Jhenaidah,Kotchandpur,7330
Khulna,Jhenaidah,Maheshpur,7340
Khulna,Jhenaidah,Naldanga,7351
Khulna,Jhenaidah,Naldanga,7350
Khulna,Jhenaidah,Shailakupa,7321
Khulna,Jhenaidah,Shailakupa,7320
Khulna,Khulna,Alaipur,9240
Khulna,Khulna,Alaipur,9242
Khulna,Khulna,Alaipur,9241
Khulna,Khulna,Batiaghat,9260
Khulna,Khulna,Batiaghat,9261
Khulna,Khulna,Chalna Bazar,9272
Khulna,Khulna,Chalna Bazar,9270
Khulna,Khulna,Chalna Bazar,9271
Khulna,Khulna,Chalna Bazar,9273
Khulna,Khulna,Digalia,9221
Khulna,Khulna,Digalia,9220
Khulna,Khulna,Digalia,9224
Khulna,Khulna,Digalia,9223
Khulna,Khulna,Digalia,9222
Khulna,Khulna,Khulna Sadar,9207
Khulna,Khulna,Khulna Sadar,9203
Khulna,Khulna,Khulna Sadar,9202
Khulna,Khulna,Khulna Sadar,9205
Khulna,Khulna,Khulna Sadar,9100
Khulna,Khulna,Khulna Sadar,9000
Khulna,Khulna,Khulna Sadar,9201
Khulna,Khulna,Khulna Sadar,9208
Khulna,Khulna,Khulna Sadar,9204
Khulna,Khulna,Khulna Sadar,9206
Khulna,Khulna,Koyra,9291
Khulna,Khulna,Koyra,9290
Khulna,Khulna,Paikgachha,9284
Khulna,Khulna,Paikgachha,9285
Khulna,Khulna,Paikgachha,9281
Khulna,Khulna,Paikgachha,9282
Khulna,Khulna,Paikgachha,9283
Khulna,Khulna,Paikgachha,9280
Khulna,Khulna,Phultala,9210
Khulna,Khulna,Gopalganj Sadar,9252
Khulna,Khulna,Sajiara,9251
Khulna,Khulna,Sajiara,9250
Khulna,Khulna,Sajiara,9253
Khulna,Khulna,Terakhada,9231
Khulna,Khulna,Terakhada,9230
Khulna,Kushtia,Bheramara,7042
Khulna,Kushtia,Bheramara,7040
Khulna,Kushtia,Bheramara,7041
Khulna,Kushtia,Janipur,7020
Khulna,Kushtia,Janipur,7021
Khulna,Kushtia,Kumarkhali,7010
Khulna,Kushtia,Kumarkhali,7011
Khulna,Kushtia,Kushtia Sadar,7003
Khulna,Kushtia,Kushtia Sadar,7002
Khulna,Kushtia,Kushtia Sadar,7001
Khulna,Kushtia,Kushtia Sadar,7000
Khulna,Kushtia,Mirpur,7032
Khulna,Kushtia,Mirpur,7030
Khulna,Kushtia,Mirpur,7031
Khulna,Kushtia,Rafayetpur,7052
Khulna,Kushtia,Rafayetpur,7050
Khulna,Kushtia,Rafayetpur,7051
Khulna,Magura,Arpara,7620
Khulna,Magura,Magura Sadar,7600
Khulna,Magura,Mohammadpur,7631
Khulna,Magura,Mohammadpur,7630
Khulna,Magura,Mohammadpur,7632
Khulna,Magura,Shripur,7611
Khulna,Magura,Shripur,7612
Khulna,Magura,Shripur,7610
Khulna,Meherpur,Gangni,7110
Khulna,Meherpur,Meherpur Sadar,7101
Khulna,Meherpur,Meherpur Sadar,7152
Khulna,Meherpur,Meherpur Sadar,7100
Khulna,Meherpur,Meherpur Sadar,7102
Khulna,Narail,Kalia,7520
Khulna,Narail,Laxmipasha,7514
Khulna,Narail,Laxmipasha,7512
Khulna,Narail,Laxmipasha,7510
Khulna,Narail,Laxmipasha,7511
Khulna,Narail,Laxmipasha,7513
Khulna,Narail,Mohajan,7521
Khulna,Narail,Narail Sadar,7500
Khulna,Narail,Narail Sadar,7501
Khulna,Satkhira,Ashashuni,9460
Khulna,Satkhira,Ashashuni,9461
Khulna,Satkhira,Debbhata,9430
Khulna,Satkhira,Debbhata,9431
Khulna,Satkhira,kalaroa,9415
Khulna,Satkhira,kalaroa,9413
Khulna,Satkhira,kalaroa,9412
Khulna,Satkhira,kalaroa,9410
Khulna,Satkhira,kalaroa,9414
Khulna,Satkhira,kalaroa,9410
Khulna,Satkhira,Kaliganj UPO,9440
Khulna,Satkhira,Kaliganj UPO,9441
Khulna,Satkhira,Kaliganj UPO,9442
Khulna,Satkhira,Nakipur,9453
Khulna,Satkhira,Nakipur,9454
Khulna,Satkhira,Nakipur,9455
Khulna,Satkhira,Nakipur,9450
Khulna,Satkhira,Nakipur,9452
Khulna,Satkhira,Nakipur,9451
Khulna,Satkhira,Satkhira Sadar,9403
Khulna,Satkhira,Satkhira Sadar,9402
Khulna,Satkhira,Satkhira Sadar,9401
Khulna,Satkhira,Satkhira Sadar,9400
Khulna,Satkhira,Taala,9421
Khulna,Satkhira,Taala,9420
