"id","line_ids/product_id/id"
"__export__.stock_inventory_1","__export__.product_product_7972"
"","__export__.product_product_8423"
"","__export__.product_product_9337"
"","__export__.product_product_9429"
"","__export__.product_product_9536"
"","__export__.product_product_9744"
"","__export__.product_product_9857"
"","__export__.product_product_9858"
"","__export__.product_product_9861"
"","__export__.product_product_9894"
"","__export__.product_product_9897"
"","__export__.product_product_9906"
"","__export__.product_product_9909"
"","__export__.product_product_9910"
"","__export__.product_product_9954"
"","__export__.product_product_9955"
"","__export__.product_product_9956"
"","__export__.product_product_9958"
"","__export__.product_product_9984"
"","__export__.product_product_10001"
"","__export__.product_product_10002"
"","__export__.product_product_10004"
"","__export__.product_product_10232"
"","__export__.product_product_10233"
"","__export__.product_product_10302"
"","__export__.product_product_10303"
"","__export__.product_product_10304"
"","__export__.product_product_10460"
"","__export__.product_product_10469"
"","__export__.product_product_10475"
"","__export__.product_product_10493"
"","__export__.product_product_10494"
"","__export__.product_product_10495"
"","__export__.product_product_10496"
"","__export__.product_product_10497"
"","__export__.product_product_10570"
"","__export__.product_product_10577"
"","__export__.product_product_10578"
"","__export__.product_product_10579"
"","__export__.product_product_10580"
"","__export__.product_product_10582"
"","__export__.product_product_10585"
"","__export__.product_product_10586"
"","__export__.product_product_10587"
"","__export__.product_product_10589"
"","__export__.product_product_10594"
"","__export__.product_product_10602"
"","__export__.product_product_10603"
"","__export__.product_product_10604"
"","__export__.product_product_10605"
"","__export__.product_product_10617"
"","__export__.product_product_10619"
"","__export__.product_product_10902"
"","__export__.product_product_10903"
"","__export__.product_product_10916"
"","__export__.product_product_10917"
"","__export__.product_product_10930"
"","__export__.product_product_10942"
"","__export__.product_product_10956"
"","__export__.product_product_10992"
"","__export__.product_product_11083"
"","__export__.product_product_11125"
"","__export__.product_product_11126"
"","__export__.product_product_11151"
"","__export__.product_product_11175"
"","__export__.product_product_11312"
"","__export__.product_product_11347"
"","__export__.product_product_11348"
"","__export__.product_product_11349"
"","__export__.product_product_11350"
"","__export__.product_product_11396"
"","__export__.product_product_11418"
"","__export__.product_product_11420"
"","__export__.product_product_11421"
"","__export__.product_product_11422"
"","__export__.product_product_11423"
"","__export__.product_product_11424"
"","__export__.product_product_11425"
"","__export__.product_product_11426"
"","__export__.product_product_11427"
"","__export__.product_product_11428"
"","__export__.product_product_11472"
"","__export__.product_product_11473"
"","__export__.product_product_11474"
"","__export__.product_product_11475"
"","__export__.product_product_11476"
"","__export__.product_product_11492"
"","__export__.product_product_11493"
"","__export__.product_product_11494"
"","__export__.product_product_11497"
"","__export__.product_product_11498"
"","__export__.product_product_11499"
"","__export__.product_product_11539"
"","__export__.product_product_11540"
"","__export__.product_product_11541"
